<?xml version="1.0" encoding="UTF-8"?>
<configurationDescriptor version="100">
  <logicalFolder name="root" displayName="root" projectFiles="true" kind="ROOT">
    <logicalFolder name="HeaderFiles"
                   displayName="Header Files"
                   projectFiles="true">
      <itemPath>Bishop.h</itemPath>
      <itemPath>Colors.h</itemPath>
      <itemPath>King.h</itemPath>
      <itemPath>Knight.h</itemPath>
      <itemPath>Pawn.h</itemPath>
      <itemPath>Piece.h</itemPath>
      <itemPath>Queen.h</itemPath>
      <itemPath>Rook.h</itemPath>
    </logicalFolder>
    <logicalFolder name="ResourceFiles"
                   displayName="Resource Files"
                   projectFiles="true">
    </logicalFolder>
    <logicalFolder name="SourceFiles"
                   displayName="Source Files"
                   projectFiles="true">
      <itemPath>Bishop.cpp</itemPath>
      <itemPath>King.cpp</itemPath>
      <itemPath>Knight.cpp</itemPath>
      <itemPath>Pawn.cpp</itemPath>
      <itemPath>Piece.cpp</itemPath>
      <itemPath>Queen.cpp</itemPath>
      <itemPath>Rook.cpp</itemPath>
      <itemPath>main.cpp</itemPath>
    </logicalFolder>
    <logicalFolder name="TestFiles"
                   displayName="Test Files"
                   projectFiles="false"
                   kind="TEST_LOGICAL_FOLDER">
    </logicalFolder>
    <logicalFolder name="ExternalFiles"
                   displayName="Important Files"
                   projectFiles="false"
                   kind="IMPORTANT_FILES_FOLDER">
      <itemPath>Makefile</itemPath>
    </logicalFolder>
  </logicalFolder>
  <projectmakefile>Makefile</projectmakefile>
  <confs>
    <conf name="Debug" type="1">
      <toolsSet>
        <compilerSet>default</compilerSet>
        <dependencyChecking>true</dependencyChecking>
        <rebuildPropChanged>false</rebuildPropChanged>
      </toolsSet>
      <compileType>
        <ccTool>
          <developmentMode>0</developmentMode>
          <standard>11</standard>
        </ccTool>
      </compileType>
      <item path="Bishop.cpp" ex="false" tool="1" flavor2="0">
      </item>
      <item path="Bishop.h" ex="false" tool="3" flavor2="0">
      </item>
      <item path="Colors.h" ex="false" tool="3" flavor2="0">
      </item>
      <item path="King.cpp" ex="false" tool="1" flavor2="0">
      </item>
      <item path="King.h" ex="false" tool="3" flavor2="0">
      </item>
      <item path="Knight.cpp" ex="false" tool="1" flavor2="0">
      </item>
      <item path="Knight.h" ex="false" tool="3" flavor2="0">
      </item>
      <item path="Pawn.cpp" ex="false" tool="1" flavor2="0">
      </item>
      <item path="Pawn.h" ex="false" tool="3" flavor2="0">
      </item>
      <item path="Piece.cpp" ex="false" tool="1" flavor2="0">
      </item>
      <item path="Piece.h" ex="false" tool="3" flavor2="0">
      </item>
      <item path="Queen.cpp" ex="false" tool="1" flavor2="0">
      </item>
      <item path="Queen.h" ex="false" tool="3" flavor2="0">
      </item>
      <item path="Rook.cpp" ex="false" tool="1" flavor2="0">
      </item>
      <item path="Rook.h" ex="false" tool="3" flavor2="0">
      </item>
      <item path="main.cpp" ex="false" tool="1" flavor2="0">
      </item>
    </conf>
    <conf name="Release" type="1">
      <toolsSet>
        <compilerSet>default</compilerSet>
        <dependencyChecking>true</dependencyChecking>
        <rebuildPropChanged>false</rebuildPropChanged>
      </toolsSet>
      <compileType>
        <cTool>
          <developmentMode>5</developmentMode>
        </cTool>
        <ccTool>
          <developmentMode>5</developmentMode>
        </ccTool>
        <fortranCompilerTool>
          <developmentMode>5</developmentMode>
        </fortranCompilerTool>
        <asmTool>
          <developmentMode>5</developmentMode>
        </asmTool>
      </compileType>
      <item path="Bishop.cpp" ex="false" tool="1" flavor2="0">
      </item>
      <item path="Bishop.h" ex="false" tool="3" flavor2="0">
      </item>
      <item path="Colors.h" ex="false" tool="3" flavor2="0">
      </item>
      <item path="King.cpp" ex="false" tool="1" flavor2="0">
      </item>
      <item path="King.h" ex="false" tool="3" flavor2="0">
      </item>
      <item path="Knight.cpp" ex="false" tool="1" flavor2="0">
      </item>
      <item path="Knight.h" ex="false" tool="3" flavor2="0">
      </item>
      <item path="Pawn.cpp" ex="false" tool="1" flavor2="0">
      </item>
      <item path="Pawn.h" ex="false" tool="3" flavor2="0">
      </item>
      <item path="Piece.cpp" ex="false" tool="1" flavor2="0">
      </item>
      <item path="Piece.h" ex="false" tool="3" flavor2="0">
      </item>
      <item path="Queen.cpp" ex="false" tool="1" flavor2="0">
      </item>
      <item path="Queen.h" ex="false" tool="3" flavor2="0">
      </item>
      <item path="Rook.cpp" ex="false" tool="1" flavor2="0">
      </item>
      <item path="Rook.h" ex="false" tool="3" flavor2="0">
      </item>
      <item path="main.cpp" ex="false" tool="1" flavor2="0">
      </item>
    </conf>
  </confs>
</configurationDescriptor>
